Workbook

Sheet Form responses 1
A1: Timestamp | B1: Please select "Yes" to indicate you have read this information and you accept to take the survey: | C1: Please indicate your education subject area | D1: Please indicate your current education level | E1: Please Indicate your current role | F1: Please indicate the time period during which you have been working with AI tools/models for code generation. | G1: Which AI code generation models do you use or interact with | H1: Please indicate your interaction with code generation models | I1: 1) Understanding the attention mechanisms or similar mechanisms used by the model to focus on relevant parts of the input data during code generation can provide insights into how the model makes decisions. Rationale: Visualizing attention weights or attention maps can help me understand which parts of the input data are most influential in generating specific code tokens | J1: 2) Visualizing the internal representation of the code structure learned by the model, such as abstract syntax trees (ASTs) or code embeddings, can provide insights into how the model captures the hierarchical structure and semantic relationships of code snippets. Rationale: This visualization can aid in debugging model architecture issues and understanding the learned representations. | K1: 3) Logging the generation process, including intermediate steps, decisions, and probabilities associated with each generated token, allows me to trace the model's behavior and diagnose performance issues. Rationale: Analyzing the generation log can help identify patterns, biases, or errors in the model's output and guide model refinement efforts | L1: 4) Identifying which input features or representations are most influential in generating specific code tokens or structures can help me understand the factors driving code generation decisions. Rationale: Feature importance analysis can guide feature engineering, input preprocessing, and model optimization strategies to enhance the model's performance. | M1: 5) Analyzing errors made by the model, such as incorrect predictions, syntactic errors, or semantic inconsistencies in the generated code, helps me diagnose model weaknesses and identify areas for improvement. Rationale: Understanding the types and patterns of errors made by the model can inform targeted error correction techniques and model updates. | N1: 6) Incorporating domain-specific knowledge or rules into the model interpretation process can provide insights into how the model performs in specific programming languages, software engineering contexts, or application domains. Rationale: This domain-aware interpretation can inform model refinement and customization for different use cases and scenarios. | O1: 7) Developing tools and utilities for debugging the code generation model, such as techniques for analyzing model gradients, inspecting internal model states, and visualizing model predictions, can streamline the model development process and accelerate troubleshooting efforts. | P1: Please add any other thing you may need to better understand and trust the model's decision making | Q1: 1) Provide an explanation of the overall structure and organization of the generated code, including the purpose of each component, the flow of control, and the relationships between different modules or functions. Rationale: To help understand the high-level design decisions made by the AI model | R1: 2) Explain the underlying code patterns or design principles used by the AI model to generate code snippets. Rationale: To help understand the reasoning behind the code generation process. This could include insights into common programming idioms, best practices, and architectural patterns reflected in the generated code. | S1: 3) Provide contextual information about the input data, such as the input specifications, requirements, constraints, or user intentions Rationale: To help understand the context in which the code was generated and interpret its relevance and suitability for the given task or problem | T1: 4) Offer explanations for variable names, function names, and comments included in the generated code. Rationale: To provide insights into the semantics and intentions behind the code constructs. Clear and meaningful naming conventions and descriptive comments enhance code readability and facilitate comprehension | U1: 5) Explain the dependencies and external libraries used by the generated code, as well as their purpose and relevance to the task at hand. Rationale: To help understand the external resources required for the code to function properly and assess any potential dependencies or integration issues | V1: 6) Present alternative code options or variations generated by the AI model, along with explanations for why each option was considered and the trade-offs involved. Rationale: To explore different implementation choices and make informed decisions based on the provided insights | W1: 7) Provide estimates of model confidence or uncertainty associated with the generated code, as well as any limitations or caveats associated with the predictions. Rationale: To help assess the reliability and trustworthiness of the generated code and make informed judgments about its suitability for deployment. | X1: Please add any other thing you may need to better understand and trust the code | Y1: 1) How does the AI infer user intent from ambiguous or incomplete prompts? | Z1: 2) Can I receive feedback on missing or unclear input specifications before generation? | AA1: 3) What assumptions does the model make when default values or parameters are not specified? | AB1: 4) Does the generated code follow current best practices in the target language? | AC1: 5) Is the generated code idiomatic and maintainable according to human standards? | AD1: 6) Does the AI generate unit tests or suggest test coverage for the code? | AE1: 7) How does the AI ensure compatibility of generated code with modern dependencies? | AF1: 8) What internal representations (e.g., embeddings, ASTs)are used during code generation? | AG1: 9) How does the model handle domain-specific logic during code generation? | AH1: 10) How does the accuracy of the model vary with different prompt styles or lengths? | AI1: 11) Does model confidence correlate with actual correctness of the output code? | AJ1: 12) How scalable is the model for large and complex software tasks? | AK1: 13) How can I guide the model to use specific algorithms or patterns? | AL1: 14) Can I influence the level of abstraction or granularity in generated code? | AM1: 15) Can I prioritize runtime efficiency vs. readability in the output? | AN1: 16) Is there a way to lock parts of the prompt so the model respects certain constraints? | AO1: 17) Why did the model choose one library or API over another? | AP1: 18) Why was a specific data structure selected in the generated solution? | AQ1: 19) Can I audit or inspect the type and source of training data relevant to my prompt? | AR1: 20) How recent is the training data the model uses for its predictions? | AS1: 21) What specific code domains or languages does the model struggle with? | AT1: 22) What types of bugs or errors is the model most prone to introducing? | AU1: 23) What happens if I input code that mixes multiple programming paradigms? | AV1: 24) How does the model behave when code with logical contradictions is presented? | AW1: 25) What are the computational costs of using this model for code generation at scale? | AX1: 26) How can I integrate this AI tool within my existing software development toolchain? | AY1: Any thoughts.....
A2: 45901.653 | B2: Yes | C2: CS/SE/AI PhD Degree | E2: Researcher, Software Engineer/ Developer/ Programmer, Software Quality Engineer/ Tester, Assistant/ Associate/Full Professor | F2: 3 - 5 years | G2: GitHub Copilot, ChatGPT (GPT-4, GPT-4o), Claude (Claude 3.5), Google Gemini, StarCoder / StarCoder2, PolyCoder, SantaCoder | H2: I am both using and engineering AI code generation models | I2: 4 | J2: 4 | K2: 4 | L2: 4 | M2: 5 | N2: 5 | O2: 3 | P2: produce a lot of test cases to show that the code works. | Q2: 5 | R2: 5 | S2: 5 | T2: 5 | U2: 5 | V2: 4 | W2: 5 | X2: need test cases to show it works | Y2: 4 | Z2: 3 | AA2: 4 | AB2: 4 | AC2: 3 | AD2: 5 | AE2: 3 | AF2: 3 | AG2: 4 | AH2: 2 | AI2: 4 | AJ2: 5 | AK2: 3 | AL2: 3 | AM2: 3 | AN2: 5 | AO2: 3 | AP2: 3 | AQ2: 2 | AR2: 3 | AS2: 4 | AT2: 4 | AU2: 4 | AV2: 5 | AW2: 4 | AX2: 3 | AY2: As a AI user with limited coding experience, how do I know the explanations produced by AI for the generated code match the actual (mis)behavior of the generated code? How do I trust the AI generated code does what it claims according to the explanations?
A3: 45901.963 | B3: Yes | C3: Computer Science | D3: Masters Degree | E3: Student, Software Engineer/ Developer/ Programmer | F3: 1 to < 2 years | G3: ChatGPT (GPT-4, GPT-4o, etc.), Meta Code Llama, DeepSeek Coder | H3: I use AI code generation tools for writing code only | Q3: 3 | R3: 3 | S3: 4 | T3: 4 | U3: 4 | V3: 4 | W3: 2 | X3: Identifying the test cases and passing them through dry runs. | Y3: 3 | Z3: 4 | AA3: 2 | AB3: 4 | AC3: 2 | AD3: 4 | AE3: 3 | AF3: 2 | AG3: 2 | AH3: 2 | AI3: 2 | AJ3: 3 | AK3: 2 | AL3: 4 | AM3: 4 | AN3: 2 | AO3: 4 | AP3: 4 | AQ3: 2 | AR3: 4 | AS3: 3 | AT3: 3 | AU3: 4 | AV3: 3 | AW3: 2 | AX3: 4
A4: 45902.399 | B4: Yes | C4: Computer Science | D4: PhD Degree | E4: Researcher, ML Engineer/ AI Specialist | F4: 2 to < 5 years | G4: GitHub Copilot, ChatGPT (GPT-4, GPT-4o, etc.), Claude (Claude 3.5), Mistral AI / Codestral, Meta Code Llama | H4: I use and evaluate the code generation models for trust and transparency | I4: 4 | J4: 4 | K4: 4 | L4: 5 | M4: 5 | N4: 4 | O4: 4 | P4: Comparing multiple candidate generations or probing the model with slightly perturbed inputs, instructions, or parameters and checking whether they produce equivalent outputs can also help to better understand and trust the model's decision making. | Q4: 5 | R4: 4 | S4: 4 | T4: 4 | U4: 4 | V4: 4 | W4: 5 | X4: Provide functional correctness or security considerations of generated code can also help to better understand and trust the code. | Y4: 4 | Z4: 4 | AA4: 5 | AB4: 5 | AC4: 5 | AD4: 4 | AE4: 4 | AF4: 4 | AG4: 5 | AH4: 5 | AI4: 5 | AJ4: 4 | AK4: 5 | AL4: 4 | AM4: 4 | AN4: 5 | AO4: 5 | AP4: 5 | AQ4: 5 | AR4: 5 | AS4: 5 | AT4: 5 | AU4: 3 | AV4: 4 | AW4: 4 | AX4: 5 | AY4: Informative. Excited to see the survey summary results.
A5: 45903.335 | B5: Yes | C5: Computer Science | D5: Bachelors Degree | E5: Software Engineer/ Developer/ Programmer | F5: 6 to < 12 months | G5: ChatGPT (GPT-4, GPT-4o, etc.) | H5: I am both using and engineering AI code generation models | I5: 4 | J5: 4 | K5: 4 | L5: 4 | M5: 4 | N5: 4 | O5: 4 | Q5: 4 | R5: 5 | S5: 4 | T5: 4 | U5: 4 | V5: 3 | W5: 5 | Y5: 4 | Z5: 4 | AA5: 4 | AB5: 4 | AC5: 4 | AD5: 3 | AE5: 4 | AF5: 3 | AG5: 4 | AH5: 4 | AI5: 4 | AJ5: 3 | AK5: 4 | AL5: 4 | AM5: 4 | AN5: 5 | AO5: 4 | AP5: 4 | AQ5: 4 | AR5: 5 | AS5: 5 | AT5: 5 | AU5: 3 | AV5: 4 | AW5: 4 | AX5: 4
A6: 45903.582 | B6: Yes | C6: Software Engineering | D6: Enrolled in PhD | E6: Student | F6: 2 to < 5 years | G6: GitHub Copilot, ChatGPT (GPT-4, GPT-4o, etc.) | H6: I am both using and engineering AI code generation models | I6: 4 | J6: 4 | K6: 3 | L6: 3 | M6: 4 | N6: 5 | O6: 3 | Q6: 4 | R6: 4 | S6: 4 | T6: 4 | U6: 4 | V6: 4 | W6: 4 | Y6: 4 | Z6: 5 | AA6: 4 | AB6: 5 | AC6: 5 | AD6: 5 | AE6: 5 | AF6: 4 | AG6: 4 | AH6: 4 | AI6: 4 | AJ6: 4 | AK6: 4 | AL6: 4 | AM6: 4 | AN6: 4 | AO6: 4 | AP6: 4 | AQ6: 4 | AR6: 4 | AS6: 4 | AT6: 4 | AU6: 4 | AV6: 4 | AW6: 5 | AX6: 5
A7: 45904.481 | B7: Yes | C7: Computer Science | D7: Bachelors Degree | E7: ML Engineer/ AI Specialist | F7: 6 to < 12 months | G7: ChatGPT (GPT-4, GPT-4o, etc.), Google Gemini | H7: I am both using and engineering AI code generation models | I7: 3 | J7: 4 | K7: 4 | L7: 4 | M7: 4 | N7: 3 | O7: 2 | Q7: 4 | R7: 3 | S7: 4 | T7: 3 | U7: 3 | V7: 4 | W7: 4 | Y7: 4 | Z7: 4 | AA7: 4 | AB7: 4 | AC7: 4 | AD7: 4 | AE7: 3 | AF7: 3 | AG7: 4 | AH7: 4 | AI7: 4 | AJ7: 3 | AK7: 4 | AL7: 3 | AM7: 4 | AN7: 3 | AO7: 4 | AP7: 3 | AQ7: 4 | AR7: 3 | AS7: 4 | AT7: 3 | AU7: 4 | AV7: 4 | AW7: 3 | AX7: 4 | AY7: That Is Good
A8: 45904.518 | B8: Yes | C8: Computer Science | D8: Bachelors Degree | E8: Software Engineer/ Developer/ Programmer | F8: 2 to < 5 years | G8: GitHub Copilot, ChatGPT (GPT-4, GPT-4o, etc.), Claude (Claude 3.5), Google Gemini | H8: I use AI code generation tools for writing code only | Q8: 4 | R8: 4 | S8: 3 | T8: 4 | U8: 3 | V8: 4 | W8: 4 | Y8: 5 | Z8: 4 | AA8: 4 | AB8: 4 | AC8: 4 | AD8: 3 | AE8: 3 | AF8: 5 | AG8: 5 | AH8: 4 | AI8: 4 | AJ8: 4 | AK8: 4 | AL8: 4 | AM8: 4 | AN8: 4 | AO8: 4 | AP8: 5 | AQ8: 4 | AR8: 4 | AS8: 4 | AT8: 5 | AU8: 5 | AV8: 4 | AW8: 5 | AX8: 4
A9: 45904.609 | B9: Yes | C9: Computer Science | D9: Undergraduate | E9: Software Engineer/ Developer/ Programmer | F9: 2 to < 6 months | G9: ChatGPT (GPT-4, GPT-4o, etc.) | H9: I use AI code generation tools for writing code only | Q9: 5 | R9: 3 | S9: 5 | T9: 5 | U9: 5 | V9: 4 | W9: 3 | Y9: 4 | Z9: 4 | AA9: 4 | AB9: 2 | AC9: 4 | AD9: 1 | AE9: 5 | AF9: 2 | AG9: 3 | AH9: 5 | AI9: 1 | AJ9: 1 | AK9: 3 | AL9: 3 | AM9: 4 | AN9: 4 | AO9: 3 | AP9: 4 | AQ9: 3 | AR9: 4 | AS9: 1 | AT9: 1 | AU9: 1 | AV9: 1 | AW9: 3 | AX9: 5
A10: 45905.371 | B10: Yes | C10: Software Engineering | D10: PhD Degree | E10: Researcher, Assistant/ Associate/Full Professor | F10: 1 to < 2 years | G10: GitHub Copilot | H10: I use AI code generation tools for writing code only | Q10: 5 | R10: 5 | S10: 5 | T10: 5 | U10: 5 | V10: 5 | W10: 3 | Y10: 5 | Z10: 5 | AA10: 5 | AB10: 4 | AC10: 3 | AD10: 3 | AE10: 3 | AF10: 3 | AG10: 3 | AH10: 4 | AI10: 4 | AJ10: 5 | AK10: 5 | AL10: 5 | AM10: 5 | AN10: 5 | AO10: 5 | AP10: 5 | AQ10: 5 | AR10: 4 | AS10: 4 | AT10: 4 | AU10: 4 | AV10: 5 | AW10: 5 | AX10: 5
A11: 45909.084 | B11: Yes | C11: Physics | D11: Bachelors Degree | E11: Software Engineer/ Developer/ Programmer | F11: 2 to < 5 years | G11: GitHub Copilot, ChatGPT (GPT-4, GPT-4o, etc.), Claude (Claude 3.5), Google Gemini | H11: I use AI code generation tools for writing code only | Q11: 4 | R11: 4 | S11: 4 | T11: 4 | U11: 3 | V11: 3 | W11: 5 | Y11: 4 | Z11: 4 | AA11: 4 | AB11: 4 | AC11: 4 | AD11: 4 | AE11: 4 | AF11: 4 | AG11: 4 | AH11: 4 | AI11: 4 | AJ11: 4 | AK11: 4 | AL11: 4 | AM11: 4 | AN11: 4 | AO11: 4 | AP11: 4 | AQ11: 4 | AR11: 4 | AS11: 3 | AT11: 4 | AU11: 3 | AV11: 4 | AW11: 3 | AX11: 2 | AY11: GOOD WORK 👍
A12: 45909.457 | B12: Yes | C12: Software Engineering | D12: Bachelors Degree | E12: Software Engineer/ Developer/ Programmer | F12: 2 to < 5 years | G12: GitHub Copilot, Tabnine, Cursor, ChatGPT (GPT-4, GPT-4o, etc.), Claude (Claude 3.5) | H12: I am both using and engineering AI code generation models | I12: 3 | J12: 4 | K12: 4 | L12: 4 | M12: 4 | N12: 5 | O12: 3 | Q12: 4 | R12: 4 | S12: 2 | T12: 5 | U12: 4 | V12: 4 | W12: 4 | Y12: 4 | Z12: 3 | AA12: 4 | AB12: 5 | AC12: 3 | AD12: 3 | AE12: 2 | AF12: 4 | AG12: 3 | AH12: 5 | AI12: 4 | AJ12: 4 | AK12: 5 | AL12: 4 | AM12: 5 | AN12: 5 | AO12: 3 | AP12: 4 | AQ12: 5 | AR12: 3 | AS12: 4 | AT12: 3 | AU12: 3 | AV12: 4 | AW12: 4 | AX12: 4
A13: 45912.473 | B13: Yes | C13: Computer Science | D13: Masters Degree | E13: Software Engineer/ Developer/ Programmer | F13: 2 to < 6 months | G13: ChatGPT (GPT-4, GPT-4o, etc.) | H13: I use AI code generation tools for writing code only | Q13: 4 | R13: 3 | S13: 4 | T13: 4 | U13: 3 | V13: 5 | W13: 4 | Y13: 4 | Z13: 5 | AA13: 1 | AB13: 5 | AC13: 5 | AD13: 4 | AE13: 4 | AF13: 1 | AG13: 1 | AH13: 4 | AI13: 3 | AJ13: 3 | AK13: 1 | AL13: 4 | AM13: 5 | AN13: 4 | AO13: 1 | AP13: 1 | AQ13: 1 | AR13: 1 | AS13: 1 | AT13: 3 | AU13: 1 | AV13: 1 | AW13: 1 | AX13: 1
A14: 45912.533 | B14: Yes | C14: Artificial Intelligence | D14: Bachelors Degree | E14: ML Engineer/ AI Specialist | F14: 2 to < 5 years | G14: GitHub Copilot, Codeium, Cursor, ChatGPT (GPT-4, GPT-4o, etc.), Claude (Claude 3.5), Google Gemini, Mistral AI / Codestral, Meta Code Llama, DeepSeek Coder | H14: I use AI code generation tools for writing code only | Q14: 5 | R14: 5 | S14: 5 | T14: 5 | U14: 5 | V14: 5 | W14: 5 | X14: It would also be helpful if the AI could provide quick runnable test cases or minimal working examples along with the generated code. This would allow me to immediately validate correctness, speed up debugging, and build more trust in the generated solutions. | Y14: 5 | Z14: 5 | AA14: 5 | AB14: 4 | AC14: 4 | AD14: 4 | AE14: 5 | AF14: 3 | AG14: 5 | AH14: 4 | AI14: 4 | AJ14: 4 | AK14: 4 | AL14: 5 | AM14: 4 | AN14: 4 | AO14: 4 | AP14: 4 | AQ14: 4 | AR14: 4 | AS14: 4 | AT14: 4 | AU14: 4 | AV14: 4 | AW14: 4 | AX14: 4 | AY14: Very thoughtful survey
A15: 45912.539 | B15: Yes | C15: Computer Science | D15: Bachelors Degree | E15: Software Engineer/ Developer/ Programmer, Software Quality Engineer/ Tester | F15: 2 to < 6 months | G15: GitHub Copilot, Tabnine, Amazon CodeWhisperer, ChatGPT (GPT-4, GPT-4o, etc.), Claude (Claude 3.5), Google Gemini | H15: I use AI code generation tools for writing code only | Q15: 3 | R15: 3 | S15: 3 | T15: 3 | U15: 4 | V15: 4 | W15: 4 | Y15: 5 | Z15: 5 | AA15: 4 | AB15: 4 | AC15: 4 | AD15: 5 | AE15: 5 | AF15: 5 | AG15: 5 | AH15: 4 | AI15: 5 | AJ15: 5 | AK15: 4 | AL15: 3 | AM15: 5 | AN15: 5 | AO15: 5 | AP15: 5 | AQ15: 5 | AR15: 4 | AS15: 4 | AT15: 4 | AU15: 4 | AV15: 4 | AW15: 4 | AX15: 4
A16: 45912.542 | B16: Yes | C16: Software Engineering | D16: Undergraduate | E16: Student, Researcher, Software Engineer/ Developer/ Programmer | F16: 1 to < 2 years | G16: GitHub Copilot, Codeium, ChatGPT (GPT-4, GPT-4o, etc.), Claude (Claude 3.5), Google Gemini | H16: I use AI code generation tools for writing code only | Q16: 3 | R16: 3 | S16: 3 | T16: 3 | U16: 3 | V16: 3 | W16: 2 | Y16: 2 | Z16: 4 | AA16: 2 | AB16: 4 | AC16: 3 | AD16: 3 | AE16: 2 | AF16: 2 | AG16: 2 | AH16: 2 | AI16: 3 | AJ16: 2 | AK16: 3 | AL16: 3 | AM16: 3 | AN16: 3 | AO16: 3 | AP16: 2 | AQ16: 2 | AR16: 2 | AS16: 3 | AT16: 3 | AU16: 3 | AV16: 3 | AW16: 3 | AX16: 3
A17: 45912.605 | B17: Yes | C17: Computer Science | D17: Bachelors Degree | E17: Software Engineer/ Developer/ Programmer | F17: 1 to < 2 years | G17: GitHub Copilot, ChatGPT (GPT-4, GPT-4o, etc.), Claude (Claude 3.5) | H17: I use AI code generation tools for writing code only | Q17: 4 | R17: 3 | S17: 2 | T17: 4 | U17: 3 | V17: 2 | W17: 1 | X17: proper generated tests that do pass, based on the use case provided. AI tools produce random tests that either don't look at the environment they are in to learn how the current test setup is and adapt to it, or don't produce proper tests, using redundant libraries and consulting documentation that is either outdated or irrelevant. | Y17: 5 | Z17: 4 | AA17: 4 | AB17: 5 | AC17: 5 | AD17: 5 | AE17: 5 | AF17: 5 | AG17: 5 | AH17: 5 | AI17: 5 | AJ17: 5 | AK17: 5 | AL17: 5 | AM17: 5 | AN17: 5 | AO17: 5 | AP17: 5 | AQ17: 5 | AR17: 4 | AS17: 4 | AT17: 5 | AU17: 3 | AV17: 4 | AW17: 2 | AX17: 4
A18: 45914.207 | B18: Yes | C18: Software Engineering | D18: Masters Degree | E18: Software Engineer/ Developer/ Programmer | F18: 1 to < 2 years | G18: ChatGPT (GPT-4, GPT-4o, etc.), Google Gemini | H18: I use AI code generation tools for writing code only | Q18: 4 | R18: 5 | S18: 4 | T18: 4 | U18: 5 | V18: 4 | W18: 2 | Y18: 4 | Z18: 4 | AA18: 4 | AB18: 4 | AC18: 3 | AD18: 2 | AE18: 4 | AF18: 2 | AG18: 4 | AH18: 2 | AI18: 4 | AJ18: 2 | AK18: 4 | AL18: 4 | AM18: 4 | AN18: 4 | AO18: 3 | AP18: 4 | AQ18: 2 | AR18: 2 | AS18: 2 | AT18: 4 | AU18: 2 | AV18: 1 | AW18: 1 | AX18: 1
A19: 45914.522 | B19: Yes | C19: Computer Science | D19: Masters Degree | E19: Researcher, Software Engineer/ Developer/ Programmer | F19: 2 to < 5 years | G19: Google Gemini | H19: I use AI code generation tools for writing code only | Q19: 3 | R19: 3 | S19: 4 | T19: 4 | U19: 2 | V19: 4 | W19: 3 | X19: As per my experience the quality of the code generated by AI is heavily dependent on the prompt engineering and clear requirements. If i design an effective prompt which generates workable solution then i can trust the code generated. My experience with AI and its code generation is incremental process by starting with a vague prompt and refine the generated code by reevaluating and prompting. Also please note that this findings is for unit functionality only. I have not generated full application with dependencies and coherently connected components | Y19: 4 | Z19: 4 | AA19: 3 | AB19: 4 | AC19: 4 | AD19: 4 | AE19: 4 | AF19: 3 | AG19: 4 | AH19: 5 | AI19: 4 | AJ19: 5 | AK19: 5 | AL19: 5 | AM19: 3 | AN19: 4 | AO19: 3 | AP19: 3 | AQ19: 2 | AR19: 4 | AS19: 3 | AT19: 4 | AU19: 4 | AV19: 4 | AW19: 4 | AX19: 5
A20: 45914.553 | B20: Yes | C20: Software Engineering | D20: Undergraduate | E20: Student, Software Engineer/ Developer/ Programmer, Software Quality Engineer/ Tester | F20: 2 to < 5 years | G20: GitHub Copilot, ChatGPT (GPT-4, GPT-4o, etc.), IntelliCode | H20: I use AI code generation tools for writing code only | Q20: 2 | R20: 1 | S20: 4 | T20: 1 | U20: 5 | V20: 4 | W20: 1 | Y20: 3 | Z20: 1 | AA20: 4 | AB20: 5 | AC20: 1 | AD20: 1 | AE20: 4 | AF20: 5 | AG20: 4 | AH20: 5 | AI20: 4 | AJ20: 1 | AK20: 5 | AL20: 2 | AM20: 1 | AN20: 1 | AO20: 4 | AP20: 4 | AQ20: 5 | AR20: 1 | AS20: 1 | AT20: 4 | AU20: 1 | AV20: 1 | AW20: 4 | AX20: 4
A21: 45915.483 | B21: Yes | C21: Blockchain and Privacy preserving systems | D21: Bachelors Degree | E21: Researcher, Assistant/ Associate/Full Professor | F21: 6 to < 12 months | G21: Tabnine, ChatGPT (GPT-4, GPT-4o, etc.) | H21: I use AI code generation tools for writing code only | Q21: 4 | R21: 5 | S21: 3 | T21: 1 | U21: 5 | V21: 5 | W21: 1 | Y21: 3 | Z21: 2 | AA21: 4 | AB21: 2 | AC21: 5 | AD21: 2 | AE21: 4 | AF21: 1 | AG21: 5 | AH21: 3 | AI21: 2 | AJ21: 2 | AK21: 4 | AL21: 4 | AM21: 3 | AN21: 5 | AO21: 2 | AP21: 2 | AQ21: 2 | AR21: 4 | AS21: 4 | AT21: 5 | AU21: 2 | AV21: 4 | AW21: 1 | AX21: 3
A22: 45915.513 | B22: Yes | C22: Data Science | D22: Bachelors Degree | E22: ML Engineer/ AI Specialist | F22: 5 years or more | G22: ChatGPT (GPT-4, GPT-4o, etc.), Google Gemini, DeepSeek Coder | H22: I use AI code generation tools for writing code only | Q22: 4 | R22: 4 | S22: 3 | T22: 2 | U22: 2 | V22: 3 | W22: 2 | X22: Sometimes the AI generated code provided solutions for modular task depending upon the non existent libraries just by the name of task. AI generated code tools should provide authentic libraries for modular tasks | Y22: 3 | Z22: 4 | AA22: 3 | AB22: 2 | AC22: 3 | AD22: 2 | AE22: 3 | AF22: 3 | AG22: 4 | AH22: 4 | AI22: 4 | AJ22: 4 | AK22: 4 | AL22: 5 | AM22: 4 | AN22: 4 | AO22: 4 | AP22: 4 | AQ22: 4 | AR22: 4 | AS22: 4 | AT22: 3 | AU22: 3 | AV22: 4 | AW22: 4 | AX22: 4 | AY22: "Questions about Code Generation AI Models: General Perspective" hey your questions related to this particular part are bit irrelevant with the output options you provided. Please explain them
A23: 45915.559 | B23: Yes | C23: Computer Science | D23: Bachelors Degree | E23: Researcher, Software Engineer/ Developer/ Programmer, ML Engineer/ AI Specialist | F23: 2 to < 5 years | G23: GitHub Copilot, Codeium, ChatGPT (GPT-4, GPT-4o, etc.), Claude (Claude 3.5), Google Gemini, StarCoder / StarCoder2, SantaCoder, DeepSeek Coder | H23: I am both using and engineering AI code generation models | I23: 4 | J23: 4 | K23: 5 | L23: 3 | M23: 4 | N23: 3 | O23: 2 | Q23: 4 | R23: 4 | S23: 3 | T23: 4 | U23: 5 | V23: 4 | W23: 3 | Y23: 3 | Z23: 4 | AA23: 4 | AB23: 2 | AC23: 2 | AD23: 5 | AE23: 4 | AF23: 2 | AG23: 2 | AH23: 3 | AI23: 3 | AJ23: 2 | AK23: 4 | AL23: 2 | AM23: 2 | AN23: 2 | AO23: 3 | AP23: 3 | AQ23: 4 | AR23: 4 | AS23: 3 | AT23: 4 | AU23: 2 | AV23: 2 | AW23: 2 | AX23: 3
A24: 45916.475 | B24: Yes | C24: Software Engineering | D24: Undergraduate | E24: Researcher, Software Engineer/ Developer/ Programmer | F24: 1 to < 2 years | G24: GitHub Copilot, ChatGPT (GPT-4, GPT-4o, etc.), Claude (Claude 3.5), Google Gemini, Mistral AI / Codestral, Meta Code Llama, DeepSeek Coder, IntelliCode, JetBrains AI Assistant | H24: I use AI code generation tools for writing code only | Q24: 4 | R24: 5 | S24: 5 | T24: 5 | U24: 3 | V24: 5 | W24: 5 | Y24: 3 | Z24: 2 | AA24: 4 | AB24: 1 | AC24: 2 | AD24: 3 | AE24: 4 | AF24: 3 | AG24: 4 | AH24: 4 | AI24: 4 | AJ24: 3 | AK24: 3 | AL24: 4 | AM24: 4 | AN24: 5 | AO24: 5 | AP24: 4 | AQ24: 4 | AR24: 3 | AS24: 4 | AT24: 5 | AU24: 5 | AV24: 5 | AW24: 5 | AX24: 4
A25: 45916.508 | B25: Yes | C25: Software Engineering | D25: Bachelors Degree | E25: Researcher | F25: Less than 2 months | G25: Codeium, ChatGPT (GPT-4, GPT-4o, etc.), Claude (Claude 3.5), Google Gemini, DeepSeek Coder | H25: I use AI code generation tools for writing code only | Q25: 4 | R25: 5 | S25: 4 | T25: 3 | U25: 3 | V25: 3 | W25: 4 | X25: Codium | Y25: 4 | Z25: 1 | AA25: 2 | AB25: 3 | AC25: 4 | AD25: 4 | AE25: 4 | AF25: 3 | AG25: 4 | AH25: 3 | AI25: 5 | AJ25: 5 | AK25: 5 | AL25: 2 | AM25: 5 | AN25: 2 | AO25: 5 | AP25: 5 | AQ25: 4 | AR25: 3 | AS25: 1 | AT25: 5 | AU25: 4 | AV25: 2 | AW25: 4 | AX25: 4 | AY25: Amazing

Sheet Model Engineer Requirements
A1: Please indicate your interaction with code generation models | B1: 1) Understanding the attention mechanisms or similar mechanisms used by the model to focus on relevant parts of the input data during code generation can provide insights into how the model makes decisions. Rationale: Visualizing attention weights or attention maps can help me understand which parts of the input data are most influential in generating specific code tokens | C1: 2) Visualizing the internal representation of the code structure learned by the model, such as abstract syntax trees (ASTs) or code embeddings, can provide insights into how the model captures the hierarchical structure and semantic relationships of code snippets. Rationale: This visualization can aid in debugging model architecture issues and understanding the learned representations. | D1: 3) Logging the generation process, including intermediate steps, decisions, and probabilities associated with each generated token, allows me to trace the model's behavior and diagnose performance issues. Rationale: Analyzing the generation log can help identify patterns, biases, or errors in the model's output and guide model refinement efforts | E1: 4) Identifying which input features or representations are most influential in generating specific code tokens or structures can help me understand the factors driving code generation decisions. Rationale: Feature importance analysis can guide feature engineering, input preprocessing, and model optimization strategies to enhance the model's performance. | F1: 5) Analyzing errors made by the model, such as incorrect predictions, syntactic errors, or semantic inconsistencies in the generated code, helps me diagnose model weaknesses and identify areas for improvement. Rationale: Understanding the types and patterns of errors made by the model can inform targeted error correction techniques and model updates. | G1: 6) Incorporating domain-specific knowledge or rules into the model interpretation process can provide insights into how the model performs in specific programming languages, software engineering contexts, or application domains. Rationale: This domain-aware interpretation can inform model refinement and customization for different use cases and scenarios. | H1: 7) Developing tools and utilities for debugging the code generation model, such as techniques for analyzing model gradients, inspecting internal model states, and visualizing model predictions, can streamline the model development process and accelerate troubleshooting efforts.
A2: I am both using and engineering AI code generation models | B2: 4 | C2: 4 | D2: 4 | E2: 4 | F2: 5 | G2: 5 | H2: 3
A3: I use and evaluate the code generation models for trust and transparency | B3: 4 | C3: 4 | D3: 4 | E3: 5 | F3: 5 | G3: 4 | H3: 4
A4: I am both using and engineering AI code generation models | B4: 4 | C4: 4 | D4: 4 | E4: 4 | F4: 4 | G4: 4 | H4: 4
A5: I am both using and engineering AI code generation models | B5: 4 | C5: 4 | D5: 3 | E5: 3 | F5: 4 | G5: 5 | H5: 3
A6: I am both using and engineering AI code generation models | B6: 3 | C6: 4 | D6: 4 | E6: 4 | F6: 4 | G6: 3 | H6: 2
A7: I am both using and engineering AI code generation models | B7: 3 | C7: 4 | D7: 4 | E7: 4 | F7: 4 | G7: 5 | H7: 3
A8: I am both using and engineering AI code generation models | B8: 4 | C8: 4 | D8: 5 | E8: 3 | F8: 4 | G8: 3 | H8: 2
A9: MEAN | B9: =AVERAGE('Model Engineer Requirements'!$B$2:$B$8) -> 3.7142857 | C9: =AVERAGE('Model Engineer Requirements'!$C$2:$C$8) -> 4 | D9: =AVERAGE('Model Engineer Requirements'!$D$2:$D$8) -> 4 | E9: =AVERAGE('Model Engineer Requirements'!$E$2:$E$8) -> 3.8571429 | F9: =AVERAGE('Model Engineer Requirements'!$F$2:$F$8) -> 4.2857143 | G9: =AVERAGE('Model Engineer Requirements'!$G$2:$G$8) -> 4.1428571 | H9: =AVERAGE('Model Engineer Requirements'!$H$2:$H$8) -> 3
A10: MODE | B10: =MODE(B2:B8) -> 4 | C10: =MODE(C2:C8) -> 4 | D10: =MODE(D2:D8) -> 4 | E10: =MODE(E2:E8) -> 4 | F10: =MODE(F2:F8) -> 4 | G10: =MODE(G2:G8) -> 5 | H10: =MODE(H2:H8) -> 3
B12: MIN | C12: =min(B9:H9) -> 3
B13: MAX | C13: =Max(B9:H9) -> 4.2857143
B14: MEAN | C14: =AVERAGE(B9:H9) -> 3.8571429

Sheet Model User Requirements
A1: 1) Provide an explanation of the overall structure and organization of the generated code, including the purpose of each component, the flow of control, and the relationships between different modules or functions. Rationale: To help understand the high-level design decisions made by the AI model | B1: 2) Explain the underlying code patterns or design principles used by the AI model to generate code snippets. Rationale: To help understand the reasoning behind the code generation process. This could include insights into common programming idioms, best practices, and architectural patterns reflected in the generated code. | C1: 3) Provide contextual information about the input data, such as the input specifications, requirements, constraints, or user intentions Rationale: To help understand the context in which the code was generated and interpret its relevance and suitability for the given task or problem | D1: 4) Offer explanations for variable names, function names, and comments included in the generated code. Rationale: To provide insights into the semantics and intentions behind the code constructs. Clear and meaningful naming conventions and descriptive comments enhance code readability and facilitate comprehension | E1: 5) Explain the dependencies and external libraries used by the generated code, as well as their purpose and relevance to the task at hand. Rationale: To help understand the external resources required for the code to function properly and assess any potential dependencies or integration issues | F1: 6) Present alternative code options or variations generated by the AI model, along with explanations for why each option was considered and the trade-offs involved. Rationale: To explore different implementation choices and make informed decisions based on the provided insights | G1: 7) Provide estimates of model confidence or uncertainty associated with the generated code, as well as any limitations or caveats associated with the predictions. Rationale: To help assess the reliability and trustworthiness of the generated code and make informed judgments about its suitability for deployment.
A2: 5 | B2: 5 | C2: 5 | D2: 5 | E2: 5 | F2: 4 | G2: 5
A3: 3 | B3: 3 | C3: 4 | D3: 4 | E3: 4 | F3: 4 | G3: 2
A4: 5 | B4: 4 | C4: 4 | D4: 4 | E4: 4 | F4: 4 | G4: 5
A5: 4 | B5: 5 | C5: 4 | D5: 4 | E5: 4 | F5: 3 | G5: 5
A6: 4 | B6: 4 | C6: 4 | D6: 4 | E6: 4 | F6: 4 | G6: 4
A7: 4 | B7: 3 | C7: 4 | D7: 3 | E7: 3 | F7: 4 | G7: 4
A8: 4 | B8: 4 | C8: 3 | D8: 4 | E8: 3 | F8: 4 | G8: 4
A9: 5 | B9: 3 | C9: 5 | D9: 5 | E9: 5 | F9: 4 | G9: 3
A10: 5 | B10: 5 | C10: 5 | D10: 5 | E10: 5 | F10: 5 | G10: 3
A11: 4 | B11: 4 | C11: 4 | D11: 4 | E11: 3 | F11: 3 | G11: 5
A12: 4 | B12: 4 | C12: 2 | D12: 5 | E12: 4 | F12: 4 | G12: 4
A13: 4 | B13: 3 | C13: 4 | D13: 4 | E13: 3 | F13: 5 | G13: 4
... A25: 4 | B25: 5 | C25: 4 | D25: 3 | E25: 3 | F25: 3 | G25: 4
A26: =AVERAGE('Model User Requirements'!$A$2:$A$25) -> 3.9583333 | B26: =AVERAGE('Model User Requirements'!$B$2:$B$25) -> 3.875 | C26: =AVERAGE('Model User Requirements'!$C$2:$C$25) -> 3.7916667 | D26: =AVERAGE('Model User Requirements'!$D$2:$D$25) -> 3.75 | E26: =AVERAGE('Model User Requirements'!$E$2:$E$25) -> 3.8333333 | F26: =AVERAGE('Model User Requirements'!$F$2:$F$25) -> 3.9166667 | G26: =AVERAGE('Model User Requirements'!$G$2:$G$25) -> 3.375
A27: =mode(A2:A25) -> 4 | B27: =mode(B2:B25) -> 5 | C27: =mode(C2:C25) -> 4 | D27: =mode(D2:D25) -> 4 | E27: =mode(E2:E25) -> 5 | F27: =mode(F2:F25) -> 4 | G27: =mode(G2:G25) -> 4
A30: MIN | B30: =min(A26:G26) -> 3.375
A31: MAX | B31: =Max(A26:G26) -> 3.9583333
A32: MEAN | B32: =AVERAGE(A26:G26) -> 3.7857143

Sheet 26 New Questions Engineer Plus 
A1: 1) How does the AI infer user intent from ambiguous or incomplete prompts? | B1: 2) Can I receive feedback on missing or unclear input specifications before generation? | C1: 3) What assumptions does the model make when default values or parameters are not specified? | D1: 4) Does the generated code follow current best practices in the target language? | E1: 5) Is the generated code idiomatic and maintainable according to human standards? | F1: 6) Does the AI generate unit tests or suggest test coverage for the code? | G1: 7) How does the AI ensure compatibility of generated code with modern dependencies? | H1: 8) What internal representations (e.g., embeddings, ASTs)are used during code generation? | I1: 9) How does the model handle domain-specific logic during code generation? | J1: 10) How does the accuracy of the model vary with different prompt styles or lengths? | K1: 11) Does model confidence correlate with actual correctness of the output code? | L1: 12) How scalable is the model for large and complex software tasks? | M1: 13) How can I guide the model to use specific algorithms or patterns? | N1: 14) Can I influence the level of abstraction or granularity in generated code? | O1: 15) Can I prioritize runtime efficiency vs. readability in the output? | P1: 16) Is there a way to lock parts of the prompt so the model respects certain constraints? | Q1: 17) Why did the model choose one library or API over another? | R1: 18) Why was a specific data structure selected in the generated solution? | S1: 19) Can I audit or inspect the type and source of training data relevant to my prompt? | T1: 20) How recent is the training data the model uses for its predictions? | U1: 21) What specific code domains or languages does the model struggle with? | V1: 22) What types of bugs or errors is the model most prone to introducing? | W1: 23) What happens if I input code that mixes multiple programming paradigms? | X1: 24) How does the model behave when code with logical contradictions is presented? | Y1: 25) What are the computational costs of using this model for code generation at scale? | Z1: 26) How can I integrate this AI tool within my existing software development toolchain?
A2: 4 | B2: 3 | C2: 4 | D2: 4 | E2: 3 | F2: 5 | G2: 3 | H2: 3 | I2: 4 | J2: 2 | K2: 4 | L2: 5 | M2: 3 | N2: 3 | O2: 3 | P2: 5 | Q2: 3 | R2: 3 | S2: 2 | T2: 3 | U2: 4 | V2: 4 | W2: 4 | X2: 5 | Y2: 4 | Z2: 3
A3: 3 | B3: 4 | C3: 2 | D3: 4 | E3: 2 | F3: 4 | G3: 3 | H3: 2 | I3: 2 | J3: 2 | K3: 2 | L3: 3 | M3: 2 | N3: 4 | O3: 4 | P3: 2 | Q3: 4 | R3: 4 | S3: 2 | T3: 4 | U3: 3 | V3: 3 | W3: 4 | X3: 3 | Y3: 2 | Z3: 4
A4: 4 | B4: 4 | C4: 5 | D4: 5 | E4: 5 | F4: 4 | G4: 4 | H4: 4 | I4: 5 | J4: 5 | K4: 5 | L4: 4 | M4: 5 | N4: 4 | O4: 4 | P4: 5 | Q4: 5 | R4: 5 | S4: 5 | T4: 5 | U4: 5 | V4: 5 | W4: 3 | X4: 4 | Y4: 4 | Z4: 5
A5: 4 | B5: 4 | C5: 4 | D5: 4 | E5: 4 | F5: 3 | G5: 4 | H5: 3 | I5: 4 | J5: 4 | K5: 4 | L5: 3 | M5: 4 | N5: 4 | O5: 4 | P5: 5 | Q5: 4 | R5: 4 | S5: 4 | T5: 5 | U5: 5 | V5: 5 | W5: 3 | X5: 4 | Y5: 4 | Z5: 4
A6: 4 | B6: 5 | C6: 4 | D6: 5 | E6: 5 | F6: 5 | G6: 5 | H6: 4 | I6: 4 | J6: 4 | K6: 4 | L6: 4 | M6: 4 | N6: 4 | O6: 4 | P6: 4 | Q6: 4 | R6: 4 | S6: 4 | T6: 4 | U6: 4 | V6: 4 | W6: 4 | X6: 4 | Y6: 5 | Z6: 5
A7: 4 | B7: 4 | C7: 4 | D7: 4 | E7: 4 | F7: 4 | G7: 3 | H7: 3 | I7: 4 | J7: 4 | K7: 4 | L7: 3 | M7: 4 | N7: 3 | O7: 4 | P7: 3 | Q7: 4 | R7: 3 | S7: 4 | T7: 3 | U7: 4 | V7: 3 | W7: 4 | X7: 4 | Y7: 3 | Z7: 4
A8: 5 | B8: 4 | C8: 4 | D8: 4 | E8: 4 | F8: 3 | G8: 3 | H8: 5 | I8: 5 | J8: 4 | K8: 4 | L8: 4 | M8: 4 | N8: 4 | O8: 4 | P8: 4 | Q8: 4 | R8: 5 | S8: 4 | T8: 4 | U8: 4 | V8: 5 | W8: 5 | X8: 4 | Y8: 5 | Z8: 4
A9: 4 | B9: 4 | C9: 4 | D9: 2 | E9: 4 | F9: 1 | G9: 5 | H9: 2 | I9: 3 | J9: 5 | K9: 1 | L9: 1 | M9: 3 | N9: 3 | O9: 4 | P9: 4 | Q9: 3 | R9: 4 | S9: 3 | T9: 4 | U9: 1 | V9: 1 | W9: 1 | X9: 1 | Y9: 3 | Z9: 5
A10: 5 | B10: 5 | C10: 5 | D10: 4 | E10: 3 | F10: 3 | G10: 3 | H10: 3 | I10: 3 | J10: 4 | K10: 4 | L10: 5 | M10: 5 | N10: 5 | O10: 5 | P10: 5 | Q10: 5 | R10: 5 | S10: 5 | T10: 4 | U10: 4 | V10: 4 | W10: 4 | X10: 5 | Y10: 5 | Z10: 5
A11: 4 | B11: 4 | C11: 4 | D11: 4 | E11: 4 | F11: 4 | G11: 4 | H11: 4 | I11: 4 | J11: 4 | K11: 4 | L11: 4 | M11: 4 | N11: 4 | O11: 4 | P11: 4 | Q11: 4 | R11: 4 | S11: 4 | T11: 4 | U11: 3 | V11: 4 | W11: 3 | X11: 4 | Y11: 3 | Z11: 2
A12: 4 | B12: 3 | C12: 4 | D12: 5 | E12: 3 | F12: 3 | G12: 2 | H12: 4 | I12: 3 | J12: 5 | K12: 4 | L12: 4 | M12: 5 | N12: 4 | O12: 5 | P12: 5 | Q12: 3 | R12: 4 | S12: 5 | T12: 3 | U12: 4 | V12: 3 | W12: 3 | X12: 4 | Y12: 4 | Z12: 4
A13: 4 | B13: 5 | C13: 1 | D13: 5 | E13: 5 | F13: 4 | G13: 4 | H13: 1 | I13: 1 | J13: 4 | K13: 3 | L13: 3 | M13: 1 | N13: 4 | O13: 5 | P13: 4 | Q13: 1 | R13: 1 | S13: 1 | T13: 1 | U13: 1 | V13: 3 | W13: 1 | X13: 1 | Y13: 1 | Z13: 1
... A25: 4 | B25: 1 | C25: 2 | D25: 3 | E25: 4 | F25: 4 | G25: 4 | H25: 3 | I25: 4 | J25: 3 | K25: 5 | L25: 5 | M25: 5 | N25: 2 | O25: 5 | P25: 2 | Q25: 5 | R25: 5 | S25: 4 | T25: 3 | U25: 1 | V25: 5 | W25: 4 | X25: 2 | Y25: 4 | Z25: 4
A26: =AVERAGE(A2:A25) -> 3.875 | B26: =AVERAGE(B2:B25) -> 3.7083333 | C26: =AVERAGE(C2:C25) -> 3.6666667 | D26: =AVERAGE(D2:D25) -> 3.75 | E26: =AVERAGE(E2:E25) -> 3.5833333 | F26: =AVERAGE(F2:F25) -> 3.4583333 | G26: =AVERAGE(G2:G25) -> 3.7916667 | H26: =AVERAGE(H2:H25) -> 3.125 | ... Z26: =AVERAGE(Z2:Z25) -> 3.7083333
A27: =MODE(A2:A25) -> 4 | B27: =MODE(B2:B25) -> 4 | C27: =MODE(C2:C25) -> 4 | D27: =MODE(D2:D25) -> 4 | E27: =MODE(E2:E25) -> 4 | F27: =MODE(F2:F25) -> 4 | G27: =MODE(G2:G25) -> 4 | H27: =MODE(H2:H25) -> 3 | ... Z27: =MODE(Z2:Z25) -> 4
A28: b | B28: b | C28: b | D28: b | E28: b | F28: b | G28: b | H28: g | I28: b | J28: b | K28: b | L28: b | M28: b | N28: b | O28: b | P28: b | Q28: b | R28: b | S28: b | T28: b | U28: g | V28: b | W28: g | X28: g | Y28: g | Z28: b
A29: MIN | B29: =min(A26:Z26) -> 3.125
A30: MAX | B30: =Max(A26:Z26) -> 3.9166667
A31: MEAN | B31: =AVERAGE(A26:Z26) -> 3.6378205
